"v1","v2","v3","v4","v5","v6","v7","v8","v9","v10"
"4",0.56,1.9,0.075,17,60,0.998,3.16,0.58,9.8,1
"8",0,1.2,0.065,15,21,0.9946,3.39,0.47,10,1
"9",0.02,2,0.073,9,18,0.9968,3.36,0.57,9.5,1
"17",0.56,1.8,0.092,35,103,0.9969,3.3,0.75,10.5,1
"20",0.51,1.8,0.341,17,56,0.9969,3.04,1.08,9.2,1
"21",0.48,1.8,0.077,29,60,0.9968,3.39,0.53,9.4,1
"25",0.14,2.4,0.085,21,40,0.9968,3.43,0.63,9.7,1
"30",0,2,0.082,8,16,0.9964,3.38,0.59,9.8,1
"32",0,2.5,0.105,22,37,0.9966,3.46,0.57,10.6,1
"34",0.12,10.7,0.073,40,83,0.9993,3.45,0.52,9.4,1
"36",0,5.5,0.086,5,18,0.9986,3.4,0.55,9.6,1
"37",0.14,2.4,0.086,3,15,0.9975,3.42,0.6,10.8,1
"38",0.28,2.1,0.066,13,30,0.9968,3.23,0.73,9.7,1
"43",0.2,2.6,0.332,8,14,0.9968,3.21,0.9,10.5,1
"52",0.04,2.2,0.069,8,15,0.9956,3.4,0.63,9.4,1
"53",0.04,2.1,0.068,6,14,0.9955,3.39,0.64,9.4,1
"55",0.15,2.8,0.11,33,73,0.9955,3.17,0.63,10.2,1
"60",0.31,2.4,0.074,9,46,0.9962,3.41,0.54,9.4,1
"63",0.16,1.9,0.085,12,35,0.9968,3.38,0.62,9.5,1
"70",0.05,1.9,0.074,8,19,0.9962,3.34,0.95,10.5,1
"71",0.08,1.9,0.076,15,27,0.9967,3.32,0.54,9.5,1
"78",0,2.4,0.104,14,30,0.9966,3.52,0.55,10.7,1
"85",0.48,1.8,0.069,18,61,0.9959,3.44,0.78,10.3,1
"87",0.28,1.9,0.11,20,136,0.9972,2.93,1.95,9.9,1
"92",0.28,1.9,0.11,20,136,0.9972,2.93,1.95,9.9,1
"96",0.17,2.3,0.058,17,106,0.9932,3.85,0.6,12.9,1
"100",0.18,1.9,0.08,13,35,0.9972,3.3,0.59,9,1
"101",0.3,2.1,0.084,11,50,0.9972,3.4,0.61,10.2,1
"102",0.3,1.9,0.075,8,22,0.9959,3.31,0.56,10.4,1
"103",0.18,1.9,0.08,13,35,0.9972,3.3,0.59,9,1
"109",0.53,2.5,0.091,18,80,0.9976,3.37,0.8,9.6,1
"114",0.44,2.3,0.08,22,46,0.9988,3.32,0.67,9.7,1
"116",0.31,2.2,0.09,13,62,0.9966,3.07,0.63,10.5,1
"117",0.28,1.9,0.077,11,40,0.9978,3.39,0.61,10,1
"118",0.12,2,0.082,7,28,0.997,3.37,0.5,9.4,1
"119",0.04,2.2,0.119,14,56,0.9962,3.21,0.6,10.9,1
"120",0.08,1.8,0.097,22,89,0.9959,3.34,0.54,9.2,1
"122",0.04,2.2,0.119,14,56,0.9962,3.21,0.6,10.9,1
"129",0.16,1.8,0.065,3,16,0.9962,3.42,0.92,10.5,1
"134",0.01,1.5,0.06,17,26,0.9952,3.4,0.58,9.8,1
"135",0.05,2.2,0.084,13,29,0.9959,3.22,0.55,9.9,1
"143",0,1.8,0.05,27,63,0.9916,3.68,0.79,14,1
"145",0,1.8,0.05,27,63,0.9916,3.68,0.79,14,1
"149",0.1,2.3,0.074,12,30,0.9959,3.42,0.58,10.2,1
"150",0.44,2.8,0.089,11,43,0.9975,3.53,0.61,10.5,1
"151",0.47,2.1,0.077,5,11,0.9958,3.33,0.53,10.3,1
"160",0.18,1.9,0.079,18,86,0.9968,3.59,0.57,9.3,1
"163",0.04,1.7,0.076,17,31,0.9964,3.33,0.56,10,1
"169",0.07,2.1,0.089,11,44,0.9953,3.47,0.55,10.4,1
"172",0.17,2,0.073,6,18,0.9972,3.29,0.61,9.2,1
"173",0.17,2,0.073,6,18,0.9972,3.29,0.61,9.2,1
"174",0.05,1.9,0.068,24,42,0.9961,3.42,0.57,11.5,1
"178",0.42,2.3,0.087,8,38,0.9972,3.58,0.61,10.5,1
"185",0.21,1.9,0.079,8,62,0.997,3.52,0.58,9.3,1
"192",0.25,1.9,0.074,21,49,0.9974,3.57,0.62,9.8,1
"198",0.6,2,0.067,12,27,0.9981,3.11,0.97,10.1,1
"199",0.08,1.2,0.046,13,93,0.9924,3.57,0.85,13,1
"201",0.47,1.4,0.056,9,24,0.99695,3.22,0.82,10.3,1
"205",0.36,1.6,0.089,14,37,0.99615,3.34,0.56,9.2,1
"206",0.74,2.6,0.095,9,28,0.9994,3.2,0.77,10.8,1
"207",0.74,2.6,0.095,9,28,0.9994,3.2,0.77,10.8,1
"210",0.58,2.1,0.054,7,19,0.998,3.31,0.88,10.5,1
"211",0.6,2,0.039,5,19,0.99585,3.3,0.86,12.4,1
"212",0.24,2.8,0.083,10,62,0.99685,3.35,0.56,10,1
"213",0.64,2.1,0.059,5,15,0.998,3.21,0.67,10.2,1
"215",0.08,2.4,0.092,10,41,0.9974,3.24,0.71,9.8,1
"221",0.37,2,0.082,24,58,0.9964,3.34,0.59,9.4,1
"224",0.25,2,0.083,8,28,0.99815,3.28,0.6,10,1
"226",0.25,2.6,0.073,29,63,0.99615,3.37,0.58,10.5,1
"227",0.5,2,0.337,27,81,0.9964,3.04,1.61,9.5,1
"229",0.25,2.6,0.073,29,63,0.99615,3.37,0.58,10.5,1
"231",0.04,1.6,0.054,19,106,0.9927,3.54,0.62,12.2,1
"232",0.06,1.8,0.078,12,49,0.99625,3.37,0.52,9.9,1
"233",0.2,2.8,0.09,18,58,0.998,3.34,0.7,9.6,1
"235",0.09,2.3,0.065,7,37,0.99685,3.32,0.55,9,1
"236",0,1.9,0.097,14,38,0.99675,3.37,0.58,9,1
"237",0,1.9,0.097,14,38,0.99675,3.37,0.58,9,1
"238",0,1.9,0.097,15,39,0.99675,3.37,0.58,9.2,1
"239",0,1.9,0.097,14,38,0.99675,3.37,0.58,9,1
"240",0.09,2.3,0.065,7,37,0.99685,3.32,0.55,9,1
"242",0.56,2.1,0.093,6,24,0.99925,3.14,0.71,10.9,1
"243",0.1,1.8,0.102,28,109,0.99565,3.08,0.49,9.8,1
"244",0.44,2.2,0.075,10,24,1.00005,3.07,0.84,9.2,1
"245",0.44,2.2,0.075,10,24,1.00005,3.07,0.84,9.2,1
"246",0,2,0.084,6,23,0.9983,3.61,0.96,9.9,1
"249",0.06,1.7,0.074,9,39,0.99615,3.35,0.48,9.8,1
"250",0,2,0.084,6,23,0.9983,3.61,0.96,9.9,1
"251",0.44,1.6,0.063,16,37,0.9985,3.22,0.78,10,1
"252",0,1.8,0.074,16,34,0.9972,3.47,0.7,9.9,1
"255",0,1.8,0.074,16,34,0.9972,3.47,0.7,9.9,1
"260",0.47,2.6,0.085,14,33,0.99965,3.36,0.8,10.5,1
"266",0.52,1.8,0.071,6,10,0.9968,3.2,0.72,10.2,1
"268",0.46,3.6,0.078,15,37,0.9973,3.35,0.86,12.8,1
"269",0.04,3,0.077,7,27,0.9987,3.69,0.91,9.4,1
"270",0.51,4,0.104,4,23,0.9996,3.28,0.97,10.1,1
"271",0.06,4,0.087,27,61,0.9965,3.36,0.67,10.7,1
"272",0.51,4,0.104,4,23,0.9996,3.28,0.97,10.1,1
"276",0.06,4,0.087,27,61,0.9965,3.36,0.67,10.7,1
"277",0.04,3,0.077,7,27,0.9987,3.69,0.91,9.4,1
"278",0.51,4,0.104,4,23,0.9996,3.28,0.97,10.1,1
"279",0.45,6.4,0.073,5,13,0.9976,3.23,0.82,12.6,1
"280",0.32,5.6,0.087,10,47,0.9991,3.38,0.77,10.5,1
"281",0.44,3.6,0.071,6,19,0.9986,3.12,0.82,9.3,1
"282",0.68,3.5,0.358,5,10,0.9972,3.25,1.08,9.9,1
"284",0.32,5.6,0.087,10,47,0.9991,3.38,0.77,10.5,1
"287",0.55,2,0.073,25,49,0.9997,3.1,0.76,10.3,1
"288",0.12,3,0.092,29,53,0.9967,3.37,0.7,10.3,1
"289",0.09,2.5,0.091,20,49,0.9976,3.34,0.86,10.6,1
"291",0.09,2.5,0.091,20,49,0.9976,3.34,0.86,10.6,1
"293",0.23,2.7,0.091,18,48,0.9994,3.22,0.64,10.3,1
"294",0.25,2.4,0.098,5,16,0.9964,3.41,0.6,10.1,1
"295",0.52,3.2,0.094,17,53,1.0014,3.05,0.81,9.5,1
"301",0.06,2.6,0.086,20,44,0.9965,3.38,0.59,10.7,1
"302",0.48,1.5,0.068,7,15,0.9973,3.22,0.64,10.1,1
"306",0.48,2.5,0.063,6,25,0.9998,3.12,0.59,9.3,1
"308",0.42,2.4,0.213,6,14,0.9994,3.19,0.62,9.5,1
"309",0.44,2.4,0.214,5,12,0.9994,3.19,0.63,9.5,1
"310",0.38,1.7,0.062,9,30,0.9968,3.41,0.53,9.5,1
"311",0.48,2.5,0.063,6,25,0.9998,3.12,0.59,9.3,1
"312",0.24,2,0.072,15,105,0.996,3.27,0.54,9.4,1
"313",0.31,2.8,0.093,19,98,0.99815,3.32,0.63,9.5,1
"316",0.29,2.5,0.096,20,53,0.9962,3.42,0.65,11,1
"318",0.12,2.9,0.082,30,74,0.99865,3.3,0.64,10.4,1
"319",0.39,3.2,0.083,21,59,0.9989,3.37,0.71,11.5,1
"320",0.12,2.9,0.082,30,74,0.99865,3.3,0.64,10.4,1
"321",0.39,3.2,0.083,21,59,0.9989,3.37,0.71,11.5,1
"324",0.42,2.8,0.09,35,73,0.999,3.28,0.7,9.5,1
"325",0.2,11,0.071,13,50,1.0015,3.16,0.69,9.2,1
"326",0.2,11,0.071,13,50,1.0015,3.16,0.69,9.2,1
"327",0.66,3.65,0.121,6,14,0.9978,3.05,0.74,11.5,1
"329",0.62,2.6,0.082,6,21,1.0002,3.16,0.67,9.7,1
"331",0.64,2.9,0.122,10,41,0.998,3.23,0.66,12.5,1
"332",0.64,2.9,0.122,10,41,0.998,3.23,0.66,12.5,1
"333",0.28,3.2,0.066,21,114,0.9973,3.22,0.54,9.4,1
"335",0.01,2.5,0.078,17,38,0.9963,3.34,0.74,11.7,1
"336",0.53,3.4,0.128,7,21,0.9992,3.17,0.84,12.2,1
"337",0.45,1.9,0.052,6,16,0.9948,3.35,0.7,12.5,1
"339",0.58,3,0.103,28,99,1.0008,3.16,1,11.5,1
"340",0.54,2.3,0.082,12,29,0.9997,3.11,1.36,9.8,1
"341",0.5,2.4,0.066,10,21,1,3.12,1.18,9.2,1
"342",0.48,2.7,0.065,5,18,0.9972,3.21,0.87,11.3,1
"343",0.47,1.8,0.118,6,14,0.9982,3.3,0.75,9.8,1
"344",0.47,1.8,0.118,6,14,0.9982,3.3,0.75,9.8,1
"345",0.5,2.6,0.082,6,32,1.0006,3.12,0.78,10.7,1
"347",0.02,2.7,0.072,17,34,0.9955,3.58,0.89,12.3,1
"348",0.67,3,0.093,6,15,0.9986,3.02,0.93,12,1
"349",0.31,2.8,0.089,15,46,0.9979,3.11,0.92,10,1
"350",0,2.6,0.093,11,28,0.9994,3.36,0.86,9.4,1
"351",0.22,2.7,0.107,17,34,1.0004,3.28,0.98,9.9,1
"352",0,2.6,0.096,11,26,0.9994,3.35,0.83,9.4,1
"355",0.4,1.4,0.066,40.5,165,0.9912,3.25,0.59,11.9,1
"356",0.01,2.4,0.078,17,32,0.9955,3.55,0.61,12.8,1
"358",0.66,2.95,0.116,12,29,0.997,3.24,0.75,11.7,1
"359",0.66,3.1,0.109,10,23,1,3.15,0.85,10.4,1
"360",0.66,2.6,0.088,10,41,1.001,3.17,0.68,9.8,1
"362",0.31,2.6,0.086,21,50,0.9982,3.37,0.91,9.9,1
"365",0.66,5.8,0.083,7,42,1.0022,3.07,0.73,10,1
"366",0.5,3.4,0.107,7,21,0.9979,3.26,0.93,11.8,1
"367",0.66,5.8,0.083,7,42,1.0022,3.07,0.73,10,1
"370",0.53,2.4,0.074,6,18,0.9962,3.2,1.13,12,1
"372",0.4,1.6,0.056,11,25,0.9967,3.32,0.87,8.7,1
"373",0.48,1.8,0.067,26,46,0.9967,3.32,1.04,10.6,1
"375",0.63,3.8,0.089,6,47,1.0014,3.01,0.81,10.8,1
"376",0.71,4.4,0.124,6,15,0.9984,3.01,0.83,11.8,1
"377",0.5,3,0.078,19,47,1.0003,3.26,1.11,11,1
"378",0.53,2.4,0.074,6,18,0.9962,3.2,1.13,12,1
"379",0.66,6.2,0.088,6,24,0.9988,3.11,0.99,13.3,1
"380",0.38,2.5,0.094,24,60,0.9979,3.31,0.7,10.8,1
"381",0.42,2,0.08,11,27,0.9974,3.21,0.8,9.4,1
"382",0.68,2.9,0.085,17,43,1.0014,3.06,0.8,10,1
"383",0.42,2,0.08,11,27,0.9974,3.21,0.8,9.4,1
"384",0.42,2,0.08,11,27,0.9974,3.21,0.8,9.4,1
"386",0.07,2.4,0.09,11,37,0.9979,3.43,0.76,9.7,1
"387",0.26,2,0.088,23,48,0.9981,3.41,0.74,9.2,1
"388",0.15,1.9,0.079,17,42,0.9972,3.31,0.54,9.6,1
"389",0.26,1.9,0.088,23,53,0.9981,3.43,0.74,9.2,1
"390",0.31,2.5,0.096,16,49,0.9982,3.19,0.7,10,1
"391",0.05,1.4,0.045,12,88,0.9924,3.56,0.82,12.9,1
"392",0.68,2.9,0.085,17,43,1.0014,3.06,0.8,10,1
"396",0.76,4.2,0.066,7,38,1.0004,3.22,0.6,13,1
"398",0.59,2.6,0.087,13,49,0.9988,3.18,0.65,11,1
"399",0.59,2.6,0.087,13,49,0.9988,3.18,0.65,11,1
"402",0.3,1.7,0.059,20,38,0.9949,3.29,0.47,10.8,1
"403",0.54,2.6,0.085,19,64,1,3.1,0.61,10.5,1
"404",0.49,2.7,0.085,10,41,0.9994,3.15,0.63,10.5,1
"406",0.46,1.4,0.059,11,25,0.9966,3.36,0.76,10.1,1
"407",0.47,2.5,0.063,9,28,0.9981,3.24,0.65,10.8,1
"408",0.66,3,0.093,12,30,0.9996,3.18,0.63,10.8,1
"409",0.58,3.7,0.174,6,16,0.997,3.19,0.7,11.3,1
"411",0.34,2.5,0.08,26,86,0.9987,3.38,0.62,9.5,1
"414",0.53,6.7,0.097,6,19,0.9986,3.27,0.82,11.7,1
"417",0.64,2.2,0.111,6,20,0.997,3.26,0.66,11.7,1
"419",0.51,2,0.121,7,20,0.9996,3.24,0.76,10.4,1
"421",0.33,2.4,0.089,35,67,0.9972,3.28,0.73,11.8,1
"422",0.03,2.3,0.059,32,48,0.9952,3.52,0.56,12.3,1
"424",0.47,2.1,0.066,6,24,0.9978,3.15,0.9,11,1
"426",0.03,2.3,0.059,32,48,0.9952,3.52,0.56,12.3,1
"427",0.08,2.1,0.045,19,48,0.9949,3.49,0.49,11.4,1
"428",0.22,1.9,0.077,6,32,0.9988,3.26,0.56,10.6,1
"430",0.63,2.4,0.088,13,35,0.9997,3.1,0.6,10.4,1
"431",0.47,2.1,0.066,6,24,0.9978,3.15,0.9,11,1
"433",0.69,2.3,0.078,12,24,0.9958,3,0.65,12.8,1
"435",0.55,3.2,0.076,22,54,0.9996,3.15,0.89,9.9,1
"437",0.3,2,0.06,38,62,0.9958,3.26,0.56,10.2,1
"438",0.73,3.2,0.066,6,22,0.9986,3.17,0.66,11.2,1
"439",0.55,3.2,0.076,22,54,0.9996,3.15,0.89,9.9,1
"441",0.72,2.2,0.072,6,29,0.9987,2.88,0.82,9.8,1
"442",0.65,2.15,0.068,7,27,0.9988,3.06,0.68,11.3,1
"443",0.76,3.7,0.1,6,43,1.0032,2.95,0.68,11.2,1
"444",0.49,2.7,0.077,11,19,0.9963,3.23,0.63,11.6,1
"445",0.01,1.7,0.054,5,27,0.9934,3.57,0.84,12.5,1
"446",0.1,2.1,0.079,6,31,0.9986,3.23,0.56,10.1,1
"449",0.22,2,0.1,7,27,0.9967,3.2,0.56,10.2,1
"450",0.69,2.8,0.095,17,35,0.9994,3.1,0.61,10.8,1
"451",0.69,2.8,0.095,17,35,0.9994,3.1,0.61,10.8,1
"452",0.53,1.8,0.413,9,26,0.9979,3.06,1.06,9.1,1
"453",0.03,1.7,0.084,18,35,0.9968,3.44,0.63,10,1
"454",0.63,2.8,0.084,5,22,0.9998,3.26,0.74,11.2,1
"456",0.67,5.2,0.086,6,19,0.9988,3.22,0.69,13.4,1
"459",0.63,2.8,0.084,5,22,0.9998,3.26,0.74,11.2,1
"461",0.52,2.3,0.083,14,23,0.9976,3.35,0.61,11.3,1
"465",0.54,2.1,0.084,5,15,0.9987,2.98,0.7,9.2,1
"467",0.42,2,0.069,21,51,0.9982,3.16,0.72,11.5,1
"468",0.45,2.6,0.065,7,18,0.9947,3.32,0.79,14,1
"469",0.69,2.1,0.09,6,21,1,3.17,0.62,9.2,1
"472",0.42,2.4,0.081,25,52,0.997,3.2,0.71,11.4,1
"473",0.55,2.6,0.083,25,68,0.9995,3.15,0.82,10.4,1
"475",0.51,1.7,0.08,10,24,0.9982,3.2,0.89,9.4,1
"478",0.49,1.8,0.075,6,20,0.9977,3.18,1.06,11,1
"480",0.11,2.7,0.077,6,31,0.9984,3.19,0.7,10.1,1
"482",0.56,2.8,0.08,6,17,0.9964,3.15,0.92,11.7,1
"485",0.68,4.1,0.114,6,24,0.997,3.06,0.66,13.4,1
"488",0.36,1.8,0.053,5,14,0.9982,3.17,0.42,10,1
"489",0.55,2.8,0.081,35,67,1.0002,3.32,0.92,10.8,1
"490",0.4,2.6,0.073,10,26,0.9984,3.34,0.75,10.2,1
"491",0.27,2.8,0.078,24,56,0.9984,3.31,0.67,10.6,1
"492",0.5,2.5,0.055,12,25,0.9952,3.34,0.79,13.3,1
"493",0.51,2.6,0.052,13,27,0.995,3.32,0.9,13.4,1
"494",0.31,3,0.086,23,81,1.0002,3.48,0.74,11.6,1
"495",0.23,8.3,0.051,28,91,0.9952,3.44,0.55,12.1,1
"496",0.53,2.6,0.07,5,16,0.9972,3.15,0.65,11,1
"497",0.25,1.9,0.081,14,38,0.9984,3.43,0.65,9,1
"499",0.53,2.6,0.07,5,16,0.9972,3.15,0.65,11,1
"500",0.31,3,0.086,23,81,1.0002,3.48,0.74,11.6,1
"501",0.25,1.9,0.081,14,38,0.9984,3.43,0.65,9,1
"502",0.73,6.55,0.074,38,76,0.999,3.17,0.85,12,1
"503",0.73,6.55,0.074,38,76,0.999,3.17,0.85,12,1
"504",0.47,1.9,0.078,6,24,0.9976,3.18,1.04,10.9,1
"505",0.42,1.8,0.077,6,22,0.9976,3.21,1.05,10.8,1
"506",0.63,2.9,0.072,10,26,0.9968,3.16,0.78,12.5,1
"507",0.46,1.8,0.075,6,21,0.9976,3.25,1.02,10.8,1
"508",0.55,2.3,0.084,6,13,1,3.17,0.71,9.5,1
"509",0.31,2.2,0.09,26,62,0.9994,3.18,0.63,10.2,1
"510",0.75,2.8,0.084,23,43,0.9986,3.04,0.68,11.4,1
"512",0.31,2.2,0.09,26,62,0.9994,3.18,0.63,10.2,1
"513",0.48,2.1,0.125,15,49,0.998,3.03,0.81,9.7,1
"514",0.64,2.4,0.107,6,15,0.9973,3.09,0.66,11.8,1
"515",0.64,2.4,0.107,6,15,0.9973,3.09,0.66,11.8,1
"517",0.49,4.3,0.1,5,14,1.001,3.25,0.74,11.9,1
"519",0.49,2.8,0.088,11,32,0.9972,3.22,0.68,11.7,1
"521",0.49,2.7,0.088,15,33,0.9982,3.42,0.9,10,1
"528",0.49,2.5,0.097,33,85,0.9962,3.39,0.77,11.4,1
"529",0.49,2.6,0.084,32,55,0.9988,3.34,0.75,8.7,1
"531",0.24,2.1,0.078,1,28,0.999,3.41,0.87,10.3,1
"534",0.24,2.1,0.072,15,33,0.9956,3.22,0.66,12.8,1
"535",0.24,2.7,0.102,13,32,1,3.28,0.56,10,1
"536",0.24,2.1,0.078,1,28,0.999,3.41,0.87,10.3,1
"538",0.24,2.1,0.084,5,13,0.9972,3.37,0.77,10.7,1
"539",0.49,5.8,0.066,5,35,1.0014,3.2,0.66,12,1
"542",0.49,6.3,0.064,5,17,0.9988,3.21,0.73,11,1
"544",0.24,2.5,0.085,16,53,0.9993,3.06,0.72,11,1
"545",0.74,1.8,0.075,6,15,1.0008,2.86,0.79,8.4,1
"547",0.24,2,0.078,10,28,0.9983,3.45,0.78,9.5,1
"548",0.49,2.5,0.067,6,21,0.9987,3.26,0.86,10.7,1
"549",0.49,2.6,0.079,27,69,0.9994,3.12,0.75,10.4,1
"550",0.49,1.9,0.171,6,25,0.9975,3.27,0.61,9.4,1
"551",0.01,2.1,0.074,9,25,0.9958,3.33,0.56,9.5,1
"552",0.24,2.8,0.092,14,45,0.998,3.19,0.73,10,1
"553",0.24,2.7,0.092,14,44,0.998,3.12,0.74,10,1
"557",0.49,4.6,0.118,10,17,1.0002,3.07,0.56,11.7,1
"559",0.49,4.6,0.118,10,17,1.0002,3.07,0.56,11.7,1
"560",0.49,4.3,0.085,6,47,1.0021,3.3,0.68,12.7,1
"564",0.49,2.7,0.092,25,60,0.9971,3.31,0.61,10.1,1
"565",0.49,4.3,0.085,6,47,1.0021,3.3,0.68,12.7,1
"567",0.24,2.5,0.226,5,15,0.9991,3.32,0.6,9,1
"568",0.24,2.5,0.226,5,15,0.9991,3.32,0.6,9,1
"569",0.49,2.6,0.25,5,20,0.999,3.31,0.79,10.7,1
"570",0.24,2.2,0.095,19,42,0.9946,3.57,0.57,11.7,1
"571",0.49,3.3,0.07,10,37,1.0003,3.32,0.91,11,1
"572",0.24,2.2,0.095,19,42,0.9946,3.57,0.57,11.7,1
"575",0.49,3.2,0.078,20,78,0.9992,3.19,0.7,10,1
"576",0.49,3.1,0.079,28,46,0.9993,3.2,0.8,10.2,1
"580",0.49,2.2,0.063,18,40,0.9976,3.14,0.51,9.8,1
"584",0.49,1.9,0.074,10,21,0.9976,2.98,0.66,9.9,1
"585",0.49,3.4,0.093,54,80,1.0002,3.3,0.76,10.7,1
"586",0.24,2.4,0.091,8,38,0.998,3.47,0.66,9.6,1
"587",0.49,2.7,0.094,16,47,0.9986,3.12,1.02,10.6,1
"589",0.24,2,0.06,19,50,0.9917,3.72,0.74,14,1
"590",0.49,2.6,0.059,5,13,0.9976,3.05,0.74,10.5,1
"592",0.49,1.7,0.07,23,149,0.9922,3.12,0.5,11.5,1
"597",0.51,2,0.059,6,24,0.9994,3.04,0.6,9.3,1
"598",0.58,1.9,0.071,5,18,0.998,3.09,0.63,10,1
"599",0.18,2.1,0.078,5,30,0.9967,3.2,0.48,9.8,1
"600",0.45,2.3,0.082,11,22,1,3,0.7,9.3,1
"602",0.52,2.2,0.071,12,35,1.0006,3.1,0.56,9,1
"604",0.52,2.2,0.071,12,35,1.0006,3.1,0.56,9,1
"605",0.13,2.9,0.096,14,63,0.9984,3.17,0.62,9.1,1
"606",0.13,2.6,0.085,6,24,0.9984,3.31,0.59,9.2,1
"607",0.48,4.6,0.072,10,20,0.9973,3.34,0.79,12.2,1
"608",0.41,3.3,0.092,26,52,0.9982,3.31,0.53,10.5,1
"609",0.37,5.1,0.11,11,65,1.0026,3.32,0.64,10.4,1
"610",0.19,3.2,0.075,15,39,0.9956,3.56,0.52,12.7,1
"613",0,2.4,0.077,18,29,0.9965,3.32,0.6,10,1
"615",0.18,2.2,0.148,10,103,0.9969,2.87,1.36,10.2,1
"618",0.51,2.2,0.079,14,28,0.9982,3.03,0.93,9.8,1
"624",0.25,2.9,0.077,21,45,0.9974,3.49,0.96,12.1,1
"629",0.26,2.5,0.097,7,31,0.9976,3.27,0.6,9.3,1
"631",0.26,2.5,0.097,7,31,0.9976,3.27,0.6,9.3,1
"633",0.14,3,0.087,21,43,0.9964,3.32,0.57,10.5,1
"639",0.12,2.2,0.143,7,23,0.9964,3.35,0.65,10.2,1
"640",0.35,1.9,0.067,25,57,0.997,3.18,1.36,10.3,1
"646",0.1,6,0.115,5,11,0.9984,3.37,0.69,10.1,1
"649",0.3,2.8,0.066,10,28,0.9964,3.33,0.67,11.2,1
"650",0.27,8.6,0.068,24,148,0.9948,3.16,0.57,11.3,1
"654",0.59,2.8,0.079,9,30,0.9976,3.12,0.54,12,1
"658",0.59,1.4,0.073,23,42,0.998,2.92,0.68,10.5,1
"659",0.07,1.4,0.074,5,20,0.9973,3.32,0.81,9.6,1
"661",0.07,1.4,0.074,5,20,0.9973,3.32,0.81,9.6,1
"663",0.06,1.6,0.076,9,27,0.9972,3.36,0.7,9.6,1
"664",0.46,1.8,0.05,5,13,0.9974,3.04,0.79,10.2,1
"667",0.36,1.8,0.222,6,16,0.998,3.18,0.6,9.5,1
"668",0.45,2,0.082,6,15,0.9988,2.94,0.66,9.2,1
"670",0.45,2,0.082,6,15,0.9988,2.94,0.66,9.2,1
"675",0.41,2.2,0.084,7,17,0.9984,3.08,0.67,9.3,1
"677",0.41,2.2,0.084,7,17,0.9984,3.08,0.67,9.3,1
"682",0.23,2.2,0.094,16,29,0.9962,3.21,0.49,10.2,1
"696",0.02,1.3,0.034,18,44,0.9921,3.9,0.62,12.8,1
"697",0.02,2.1,0.066,8,25,0.9972,3.47,0.67,9.5,1
"698",0.02,2.1,0.066,8,25,0.9972,3.47,0.67,9.5,1
"700",0.55,2.1,0.071,5,19,0.9986,3.11,0.62,10.8,1
"701",0.43,2.9,0.076,26,88,0.9984,3.08,0.57,10.1,1
"702",0.02,2.1,0.066,8,25,0.9972,3.47,0.67,9.5,1
"703",0.02,2.1,0.067,9,23,0.997,3.47,0.67,9.4,1
"709",0.12,2.5,0.068,11,35,0.996,3.34,0.61,11.6,1
"710",0.47,1.6,0.062,13,33,0.9983,3.27,0.66,10,1
"716",0.18,2.7,0.069,13,34,0.9967,3.29,0.48,9.2,1
"727",0.09,2.8,0.084,18,49,0.9994,3.43,0.72,11.1,1
"730",0.03,3.2,0.071,27,58,0.995,3.61,0.49,12.7,1
"738",0,2.5,0.093,19,58,1.0002,3.5,0.65,9.3,1
"741",0.29,4.2,0.075,12,16,0.9965,3.45,0.68,11.5,1
"746",0.18,2.1,0.07,12,28,0.99768,3.52,0.73,9.5,1
"747",0.38,2.5,0.08,12,57,0.9978,3.3,0.47,9,1
"749",0.18,2.1,0.071,12,31,0.99761,3.52,0.72,9.6,1
"750",0.18,2.1,0.07,12,28,0.99768,3.52,0.73,9.5,1
"755",0.68,1.7,0.415,14,32,0.99656,3.09,1.06,9.1,1
"756",0.07,1.9,0.058,22,47,0.99525,3.51,0.43,10.7,1
"757",0.01,2,0.057,15,33,0.99488,3.6,0.46,11.2,1
"763",0,1.7,0.069,8,19,0.99701,3.31,0.53,10,1
"765",0.11,2.8,0.093,11,44,0.99888,3.31,0.55,9.5,1
"766",0.1,3,0.091,12,48,0.99888,3.31,0.54,9.5,1
"769",0.02,2.3,0.082,24,94,0.99744,3.55,0.53,9.7,1
"771",0.02,2.3,0.082,24,94,0.99744,3.55,0.53,9.7,1
"774",0.29,1.8,0.157,1,44,0.9973,3.3,0.92,9.5,1
"775",0.3,1.8,0.157,2,45,0.99727,3.31,0.91,9.5,1
"777",0.18,2.4,0.243,5.5,48,0.99612,3.4,0.6,10.3,1
"778",0.17,2.4,0.241,6,18,0.9961,3.4,0.59,10.3,1
"781",0,2,0.19,12,45,0.99676,3.31,0.6,9.4,1
"788",0.24,2.2,0.079,19,58,0.9991,3.18,0.56,10.1,1
"789",0.24,2.2,0.079,19,58,0.9991,3.18,0.56,10.1,1
"791",0.43,2.6,0.082,18,82,0.99708,3.33,0.68,9.7,1
"793",0.02,2.5,0.081,17,87,0.99745,3.48,0.6,9.7,1
"795",0.54,2.3,0.065,7,26,0.99531,3.17,0.53,12.5,1
"798",0.44,1.6,0.038,21,42,0.99526,3.24,0.81,10.8,1
"799",0.34,3.6,0.082,5,14,0.9987,3.29,0.52,10.7,1
"800",0.34,3.6,0.082,5,14,0.9987,3.29,0.52,10.7,1
"803",0,1.7,0.044,14,86,0.99264,3.56,0.94,12.9,1
"804",0.08,2.5,0.114,14,46,0.9971,3.24,0.66,9.6,1
"805",0.22,2.7,0.084,4,18,0.99682,3.26,0.57,9.9,1
"806",0.4,2.4,0.052,4,10,0.99356,3.33,0.7,12.8,1
"807",0.39,2,0.041,4,10,0.99386,3.27,0.71,12.5,1
"808",0.4,2.4,0.052,4,10,0.99356,3.33,0.7,12.8,1
"810",0.31,2.8,0.07,4,15,0.99693,3.22,0.55,10.3,1
"812",0.55,2.8,0.072,7,24,1.00012,3.09,0.68,10.9,1
"815",0.54,2.8,0.103,19,41,0.99939,3.21,0.76,11.3,1
"817",0.19,3.2,0.081,8,30,0.9984,3.23,0.58,10.5,1
"818",0.42,1.6,0.084,19,27,0.99545,3.28,0.73,11.9,1
"822",0,2.1,0.048,16,42,0.99154,3.71,0.74,14,1
"827",0.34,2.3,0.05,4,8,0.9951,3.4,0.64,11,1
"829",0.09,2.3,0.065,34,45,0.99417,3.46,0.74,12.7,1
"830",0.08,2.1,0.071,16,24,0.99376,3.56,0.77,11.1,1
"832",0.08,2.1,0.071,16,24,0.99376,3.56,0.77,11.1,1
"837",0.28,2.4,0.012,36,100,0.99064,3.26,0.39,11.7,1
"838",0.28,2.4,0.012,36,100,0.99064,3.26,0.39,11.7,1
"839",0.35,1.6,0.075,9,28,0.99672,3.24,0.83,11.2,1
"841",0.47,2.65,0.085,9,34,0.99736,3.24,0.77,12.1,1
"843",0.45,2.6,0.119,34,68,0.99708,3.23,0.72,10.9,1
"845",0.46,1.7,0.062,26,42,0.9959,3.18,0.83,10.6,1
"848",0.16,1.8,0.078,12,39,0.9977,3.5,0.7,9.9,1
"854",0.39,1.5,0.08,41,55,0.99652,3.47,0.73,10.9,1
"855",0.39,1.5,0.08,41,55,0.99652,3.47,0.73,10.9,1
"856",0.02,2.5,0.071,10,14,0.99538,3.51,0.71,11.7,1
"857",0.39,1.5,0.08,41,55,0.99652,3.47,0.73,10.9,1
"858",0.34,2.5,0.073,16,47,0.99594,3.4,0.78,11.3,1
"859",0.47,1.7,0.054,17,32,0.99686,3.15,0.67,10.6,1
"860",0.22,1.8,0.074,15,24,0.99438,3.4,0.82,11.2,1
"862",0.66,2,0.039,15,88,0.99357,3.66,0.6,11.5,1
"867",0.22,2.3,0.071,13,24,0.99438,3.41,0.83,11.3,1
"868",0.23,2,0.072,13,22,0.99438,3.4,0.84,11.2,1
"869",0.22,1.8,0.074,15,24,0.99438,3.4,0.82,11.2,1
"870",0.03,2,0.08,27,43,0.99578,3.44,0.64,10.9,1
"871",0.01,2.1,0.064,31,43,0.99371,3.41,0.57,11.8,1
"874",0.37,1.6,0.067,6,10,0.99552,3.23,0.58,11.1,1
"875",0.46,2.1,0.104,6,10,0.99664,3.12,0.65,11.8,1
"876",0.4,2.8,0.109,7,16,0.99614,3.31,0.79,11.8,1
"878",0.01,2.1,0.064,31,43,0.99371,3.41,0.57,11.8,1
"879",0.19,4,0.094,30,69,0.99787,3.22,0.5,10,1
"882",0,2.1,0.068,30,35,0.99533,3.48,0.65,11.4,1
"883",0.29,3.1,0.194,14,26,0.99536,3.22,0.78,12,1
"885",0.19,4,0.094,30,69,0.99787,3.22,0.5,10,1
"887",0.12,2.4,0.083,8,28,0.99836,3.33,0.65,10.4,1
"888",0.38,2.6,0.066,29,56,0.99577,3.15,0.79,12.1,1
"889",0,2.5,0.072,32,64,0.99491,3.43,0.56,11.2,1
"893",0.23,1.9,0.082,10,18,0.99774,3.22,0.65,9.3,1
"895",0.03,2.2,0.08,17,88,0.99745,3.53,0.58,9.8,1
"896",0.01,2.3,0.08,27,43,0.9955,3.42,0.58,10.7,1
"897",0.39,2.4,0.078,17,43,0.99444,3.31,0.77,12.5,1
"898",0.01,2.3,0.08,27,43,0.9955,3.42,0.58,10.7,1
"899",0.39,2.4,0.078,17,43,0.99444,3.31,0.77,12.5,1
"902",0.1,2.4,0.08,16,33,0.99736,3.58,0.69,10.8,1
"903",0.1,2.4,0.08,16,33,0.99736,3.58,0.69,10.8,1
"904",0.06,6,0.06,11,18,0.9962,3.41,0.59,10.8,1
"905",0.06,6,0.06,11,18,0.9962,3.41,0.59,10.8,1
"908",0,2.2,0.079,6,9,0.9948,3.59,0.54,11.5,1
"909",0.13,2.4,0.078,34,61,0.99528,3.43,0.59,10.8,1
"910",0.39,1.2,0.059,7,11,0.99331,3.29,0.52,11.5,1
"911",0.48,3.8,0.132,3,11,0.99577,3.23,0.57,13.2,1
"912",0.46,9,0.114,3,9,0.99901,3.18,0.6,10.9,1
"913",0.44,2.9,0.065,4,8,0.99674,3.33,0.62,12.2,1
"914",0.46,4.6,0.094,3,10,0.99639,3.27,0.64,12.2,1
"915",0.39,1.2,0.059,7,11,0.99331,3.29,0.52,11.5,1
"916",0.4,2.2,0.079,3,6,0.99512,3.27,0.67,11.9,1
"918",0.31,8.8,0.084,26,45,0.99824,3.38,0.64,10.1,1
"919",0.32,2.2,0.081,32,79,0.9964,3.3,0.72,11,1
"920",0.12,1.8,0.072,38,46,0.99504,3.38,0.89,11.8,1
"922",0.32,2.2,0.081,32,79,0.9964,3.3,0.72,11,1
"923",0.12,1.8,0.072,38,46,0.99504,3.38,0.89,11.8,1
"924",0.31,8.8,0.084,26,45,0.99824,3.38,0.64,10.1,1
"926",0.36,1.9,0.064,53,77,0.99604,3.47,0.87,11,1
"927",0.33,2.3,0.061,52,73,0.99786,3.47,0.9,10.2,1
"930",0.38,3.3,0.063,10,19,0.99468,3.3,0.73,12,1
"933",0.29,1.9,0.078,29,66,0.9971,3.45,0.59,9.5,1
"936",0.38,2.3,0.06,19,72,0.99543,3.39,0.72,11.8,1
"937",0.38,2.3,0.06,19,72,0.99543,3.39,0.72,11.8,1
"939",0.38,2.8,0.068,23,42,0.99356,3.34,0.72,12.9,1
"941",0.52,2.2,0.074,13,25,0.99509,3.36,0.76,12.4,1
"942",0.49,5,0.082,9,17,0.99484,3.19,0.52,12.5,1
"943",0.4,2.6,0.092,13,52,0.99834,3.22,0.64,10,1
"944",0.34,2.3,0.094,10,45,0.99864,3.24,0.6,9.7,1
"945",0.49,3.8,0.09,11,24,0.99498,3.27,0.64,12.1,1
"946",0.42,2,0.071,7,20,0.99566,3.14,0.79,11.1,1
"947",0.58,4.1,0.092,11,24,0.99745,3.29,0.99,12,1
"948",0.48,2.1,0.093,6,12,0.99408,3.26,0.62,12.4,1
"949",0.45,1.8,0.075,10,21,0.99552,3.41,0.76,11.9,1
"950",0.45,1.8,0.075,10,21,0.99552,3.41,0.76,11.9,1
"951",0.45,1.8,0.075,10,21,0.99552,3.41,0.76,11.9,1
"952",0.48,2.1,0.093,6,12,0.99408,3.26,0.62,12.4,1
"953",0.4,2.2,0.058,6,10,0.99536,3.31,0.68,11.2,1
"954",0.48,2.1,0.052,5,9,0.99458,3.2,0.69,12.1,1
"955",0.4,2.7,0.082,6,11,0.99538,3.44,0.54,12.2,1
"957",0.52,2.1,0.111,5,10,0.99568,3.31,0.62,11.3,1
"958",0.52,2,0.088,12,51,0.99613,3.29,0.58,11.1,1
"959",0.12,2.3,0.12,25,36,0.99519,3.47,0.71,11.3,1
"961",0.27,1.9,0.058,18,38,0.99518,3.16,0.85,11.1,1
"964",0.39,2,0.1,20,27,0.99546,3.15,0.69,11.2,1
"965",0.27,1.9,0.058,18,38,0.99518,3.16,0.85,11.1,1
"966",0.4,2.4,0.065,24,48,0.99554,3.34,0.86,11,1
"967",0.41,2.4,0.103,6,10,0.99604,3.13,0.58,11.9,1
"969",0.43,2.4,0.068,29,46,0.9943,3.2,0.6,12.2,1
"971",0.48,1.9,0.066,6,10,0.99724,3.33,0.87,10.9,1
"972",0.48,1.9,0.066,6,10,0.99724,3.33,0.87,10.9,1
"973",0.5,2.4,0.104,6,13,0.99643,3.22,0.65,11.6,1
"975",0.41,5.9,0.073,7,13,0.99658,3.3,0.62,12.1,1
"979",0.32,3.6,0.061,9,29,0.99416,3.28,0.49,11.3,1
"981",0.3,1.9,0.065,8,17,0.99774,3.32,0.71,10.5,1
"983",0.32,2.1,0.07,51,70,0.99418,3.34,0.82,12.9,1
"984",0.3,1.9,0.065,8,17,0.99774,3.32,0.71,10.5,1
"986",0,2,0.064,7,11,0.99562,3.45,0.58,11.3,1
"987",0.39,1.4,0.066,3,7,0.9947,3.19,0.55,11.4,1
"990",0.4,1.5,0.073,14,21,0.99556,3.14,0.51,10.9,1
"993",0.1,2,0.076,30,47,0.99554,3.36,0.48,9.4,1
"996",0.06,2,0.079,19,41,0.99697,3.39,0.62,10.1,1
"997",0,2.2,0.087,3,11,0.99378,3.71,0.63,12.8,1
"998",0,2.2,0.087,3,11,0.99378,3.71,0.63,12.8,1
"999",0.34,1.4,0.05,4,10,0.99554,3.12,0.48,9.1,1
"1000",0,1.65,0.055,7,12,0.99162,3.47,0.53,12.9,1
"1001",0.3,2.2,0.062,6,12,0.99495,3.44,0.72,11.5,1
"1002",0.38,1.5,0.058,31,47,0.99676,3.26,0.82,10.6,1
"1003",0.33,2.05,0.063,13,27,0.99516,3.26,0.84,11.7,1
"1004",0.32,1.8,0.067,4,8,0.9928,3.36,0.55,12.8,1
"1006",0.32,1.8,0.067,4,8,0.9928,3.36,0.55,12.8,1
"1007",0.33,2.05,0.063,13,27,0.99516,3.26,0.84,11.7,1
"1008",0.34,2,0.064,12,25,0.99516,3.26,0.84,11.7,1
"1009",0.4,3.6,0.11,12,24,0.99549,3.23,0.7,12,1
"1011",0.45,1.7,0.067,7,12,0.99354,3.25,0.55,12.3,1
"1012",0.31,2,0.088,12,19,0.9957,3.17,0.55,10.4,1
"1014",0,1.6,0.092,22,31,0.99635,3.38,0.58,10,1
"1015",0.16,2,0.12,3,7,0.99454,3.22,0.58,11.2,1
"1016",0.46,2.2,0.075,14,27,0.99598,3.06,0.84,11.4,1
"1017",0.4,2.2,0.068,12,28,0.99486,3.27,0.75,12.6,1
"1018",0.37,0.9,0.049,36,109,0.99007,2.89,0.44,12.7,1
"1019",0.37,0.9,0.049,36,109,0.99007,2.89,0.44,12.7,1
"1021",0.66,2.4,0.123,3,8,0.99642,3.2,0.53,11.9,1
"1022",0.66,2.4,0.123,3,8,0.99642,3.2,0.53,11.9,1
"1024",0.42,2.3,0.098,3,9,0.99506,3.27,0.55,12.3,1
"1025",0.01,1.8,0.088,12,18,0.99568,3.32,0.56,10.5,1
"1026",0,2.8,0.095,17,43,0.99822,3.33,0.6,10.4,1
"1027",0.32,1.9,0.066,14,36,0.99364,3.41,0.56,12.6,1
"1029",0.21,2.5,0.075,41,68,0.99586,3.37,0.54,10.1,1
"1030",0.01,1.8,0.088,12,18,0.99568,3.32,0.56,10.5,1
"1031",0,2.1,0.091,9,14,0.99488,3.42,0.55,11.5,1
"1032",0.01,1.8,0.093,9,15,0.99514,3.35,0.58,11,1
"1034",0.08,2.6,0.089,14,27,0.99592,3.3,0.59,10.4,1
"1035",0.18,2.5,0.077,15,48,0.99739,3.2,0.47,9.7,1
"1036",0.34,2.4,0.085,5,17,0.99683,3.17,0.65,10.6,1
"1037",0.34,2.5,0.082,26,35,0.99356,3.22,0.59,12.5,1
"1039",0.41,6.2,0.078,25,42,0.9953,3.24,0.77,12.6,1
"1040",0.21,2.2,0.088,21,39,0.99692,3.33,0.83,11.1,1
"1042",0.19,1.7,0.079,13,26,0.99547,3.38,0.64,9.8,1
"1043",0.21,2.2,0.088,21,39,0.99692,3.33,0.83,11.1,1
"1044",0.41,8.9,0.069,18,39,0.99859,3.29,0.81,10.9,1
"1045",0.33,3.3,0.046,12,53,0.99294,3.36,0.62,12.2,1
"1046",0,1.4,0.07,32,38,0.99438,3.32,0.58,11.4,1
"1047",0,1.7,0.076,33,45,0.99612,3.31,0.62,10.7,1
"1049",0.36,1.7,0.081,3,14,0.99702,3.27,0.78,10.9,1
"1050",0.36,1.8,0.084,6,17,0.99704,3.27,0.77,10.8,1
"1054",0.42,2.3,0.07,9,20,0.99426,3.38,0.77,12.7,1
"1055",0.27,2,0.095,5,77,0.99747,3.13,0.62,9.1,1
"1056",0.27,2,0.095,5,77,0.99747,3.13,0.62,9.1,1
"1057",0.53,4,0.101,3,10,0.99586,3.21,0.59,12.1,1
"1059",0.57,2.4,0.093,30,52,0.9971,3.19,0.76,11.6,1
"1060",0.53,4,0.101,3,10,0.99586,3.21,0.59,12.1,1
"1061",0.57,1.8,0.074,3,8,0.9981,3.14,0.7,9.9,1
"1062",0.5,1.8,0.071,7,16,0.99462,3.21,0.69,12.5,1
"1063",0.44,1.9,0.098,6,15,0.9956,3.3,0.64,11.4,1
"1064",0.65,2.4,0.075,6,17,0.99565,3.22,0.63,11.8,1
"1065",0.09,2,0.067,5,10,0.99418,3.28,0.57,11.8,1
"1066",0.18,2.4,0.083,6,20,0.9963,3.29,0.6,10.2,1
"1067",0.08,2.4,0.07,13,26,0.99358,3.4,0.72,12.5,1
"1068",0.53,2.2,0.06,3,10,0.99572,3.02,0.83,10.9,1
"1069",0.53,2.2,0.06,3,10,0.99572,3.02,0.83,10.9,1
"1071",0.45,1.5,0.057,19,37,0.99498,3.18,0.89,11.1,1
"1073",0.26,1.8,0.083,33,75,0.9968,3.4,0.58,9.5,1
"1074",0.33,2.7,0.088,16,37,0.9972,3.31,0.58,10.7,1
"1076",0.34,2,0.071,45,67,0.99769,3.44,0.86,10.2,1
"1077",0.56,2,0.073,3,8,0.99534,3.15,0.73,11.4,1
"1080",0.68,8.3,0.05,37.5,278,0.99316,3.01,0.51,12.3,1
"1081",0.56,1.4,0.047,3,8,0.99471,3.16,0.51,11.8,1
"1082",0.68,8.3,0.05,37.5,289,0.99316,3.01,0.51,12.3,1
"1083",0.3,1.8,0.073,31,70,0.99685,3.42,0.59,9.5,1
"1084",0.45,2.4,0.072,32,59,0.99617,3.33,0.77,12,1
"1085",0.3,1.8,0.073,31,70,0.99685,3.42,0.59,9.5,1
"1087",0.4,4.7,0.055,3,9,0.99738,3.38,0.66,11.6,1
"1088",0.42,1.6,0.057,18,30,0.994,3.29,0.69,11.2,1
"1089",0.54,1.5,0.095,22,41,0.99735,3.02,0.76,9.9,1
"1090",0.54,1.5,0.095,22,41,0.99735,3.02,0.76,9.9,1
"1091",0.54,1.9,0.083,42,74,0.99451,2.98,0.63,11.8,1
"1092",0.42,2,0.086,8,19,0.99546,3.35,0.6,11.4,1
"1093",0.09,2,0.081,10,16,0.99479,3.43,0.59,11.5,1
"1094",0.36,2.2,0.079,11,31,0.99615,3.33,0.86,12,1
"1095",0.09,5.5,0.117,9,17,0.99655,3.35,0.49,10.8,1
"1097",0.09,5.5,0.117,9,17,0.99655,3.35,0.49,10.8,1
"1099",0.45,2.1,0.216,5,16,0.99358,3.15,0.81,12.5,1
"1101",0.42,2.1,0.072,23,36,0.99392,3.11,0.78,12.4,1
"1102",0.27,2.1,0.071,14,25,0.99388,3.35,0.63,12,1
"1103",0.09,1.7,0.078,18,30,0.99402,3.45,0.54,11.2,1
"1104",0.27,2.1,0.071,14,25,0.99388,3.35,0.63,12,1
"1105",0.34,2.2,0.073,16,25,0.9936,3.28,0.66,12.4,1
"1107",0.42,1.9,0.069,9,17,0.99376,3.21,0.54,12.3,1
"1108",0.41,2,0.068,10,24,0.99523,3.27,0.85,11.7,1
"1110",0.43,2.1,0.171,27,66,0.9982,3.17,0.76,10.8,1
"1111",0,1.4,0.07,6,14,0.99593,3.25,0.64,10,1
"1112",0.27,2,0.092,23,55,0.99471,3.78,0.64,12.3,1
"1113",0.41,1.5,0.056,6,35,0.99396,3.29,0.71,11,1
"1114",0.39,1.6,0.074,3,10,0.99698,3.12,0.59,9.5,1
"1115",0.5,4.3,0.046,29,80,0.9902,3.49,0.66,13.6,1
"1116",0.07,2.5,0.091,15,21,0.99572,3.38,0.6,11.3,1
"1117",0.07,2.5,0.091,15,21,0.99572,3.38,0.6,11.3,1
"1118",0.07,2.5,0.091,15,21,0.99572,3.38,0.6,11.3,1
"1119",0.12,2.1,0.065,14,24,0.99252,3.3,0.53,13.3,1
"1121",0.34,2.5,0.076,8,17,0.99235,3.2,0.72,13.1,1
"1122",0,1.8,0.062,21,28,0.99352,3.44,0.55,12.3,1
"1123",0,1.4,0.055,27,33,0.9922,3.45,0.48,12.3,1
"1124",0.37,1.9,0.081,17,29,0.99674,3.12,0.65,11.2,1
"1126",0.35,1.7,0.055,13,27,0.99394,3.14,0.59,11.3,1
"1127",0.26,1.7,0.063,3,11,0.9915,3.39,0.54,13.5,1
"1128",0,2.9,0.072,26,52,0.99379,3.51,0.6,11.5,1
"1130",0.35,3.3,0.092,24,70,0.99798,3.21,0.69,10.5,1
"1131",0,1.9,0.058,5,10,0.9977,3.18,0.63,10.4,1
"1133",0.34,1.8,0.075,18,38,0.9933,3.38,0.88,13.6,1
"1134",0.07,5.5,0.089,10,18,0.99684,3.37,0.68,11.2,1
"1135",0.35,1.7,0.061,6,15,0.99524,3.3,0.74,11.8,1
"1136",0.43,1.7,0.067,22,50,0.9946,3.38,0.6,11.9,1
"1137",0.45,2,0.08,6,13,0.99774,3.22,0.76,11.4,1
"1138",0.45,2,0.08,6,13,0.99774,3.22,0.76,11.4,1
"1140",0.24,2,0.079,16,86,0.99764,3.34,0.64,9.5,1
"1141",0.3,1.7,0.08,33,79,0.9969,3.41,0.65,9.5,1
"1142",0.32,2.5,0.08,24,71,0.99624,3.27,0.85,11,1
"1143",0.11,2.4,0.043,6,12,0.99354,3.3,0.65,11.4,1
"1144",0.3,1.8,0.065,16,20,0.99672,3.61,0.82,10,1
"1146",0.43,2.5,0.076,31,51,0.99672,3.53,0.81,10.4,1
"1147",0.12,1.8,0.178,6,21,0.996,3.28,0.87,9.8,1
"1148",0.45,6.2,0.071,6,14,0.99702,3.21,0.49,11.8,1
"1149",0.42,2,0.086,9,21,0.99526,3.39,0.66,11.6,1
"1150",0.47,2,0.061,6,11,0.99585,3.23,0.52,12,1
"1151",0.32,2.8,0.067,4,12,0.99473,3.3,0.76,12.8,1
"1152",0.23,2.5,0.044,16,70,0.99352,3.46,0.65,12.5,1
"1154",0.35,2.1,0.083,17,38,0.99622,3.23,0.66,11.1,1
"1155",0,2.2,0.1,50,63,0.99544,3.59,0.68,11.4,1
"1157",0.51,1.75,0.071,45,88,0.99524,3.33,0.76,11.8,1
"1158",0.18,2.1,0.042,16,101,0.9924,3.46,0.87,12.9,1
"1159",0.43,2.8,0.076,22,54,0.99572,3.42,1.16,10.6,1
"1161",0.57,2.3,0.087,6,20,0.99676,3.14,0.72,11.1,1
"1162",0.43,1.4,0.076,12,21,0.99551,3.21,0.75,10.2,1
"1163",0.42,2.3,0.075,12,19,0.99434,3.14,0.71,11.8,1
"1168",0.39,2.5,0.074,29,48,0.99528,3.32,0.88,12.4,1
"1169",0.27,2.8,0.067,8,44,0.99384,3.21,0.56,12,1
"1170",0.29,2.3,0.086,5,14,0.99502,3.32,0.62,11.5,1
"1171",0.34,1.6,0.062,5,12,0.99667,3.2,0.67,10.5,1
"1172",0,2.2,0.078,26,44,0.99522,3.42,0.68,10.8,1
"1173",0.46,2.1,0.074,5,16,0.99649,3.27,0.74,12.3,1
"1174",0.31,1.7,0.079,26,65,0.99716,3.46,0.62,9.5,1
"1175",0.31,1.7,0.079,26,65,0.99716,3.46,0.62,9.5,1
"1176",0,2.2,0.095,48,59,0.99541,3.61,0.7,11.5,1
"1178",0,2.4,0.052,6,11,0.99318,3.35,0.66,12.7,1
"1180",0.33,2.4,0.076,11,47,0.99599,3.27,0.81,11,1
"1181",0.33,2.4,0.076,11,47,0.99599,3.27,0.81,11,1
"1183",0.4,2.5,0.068,41,54,0.99754,3.38,0.86,10.5,1
"1186",0.3,2,0.085,6,39,0.99346,3.33,0.46,11.9,1
"1188",0.3,2,0.085,6,39,0.99346,3.33,0.46,11.9,1
"1191",0.57,4.6,0.08,6,20,0.99652,3.28,0.57,12.5,1
"1193",0.37,2.5,0.063,11,41,0.99439,3.52,0.8,12.4,1
"1195",0.12,1.8,0.114,15,64,0.99588,3.22,0.59,9.5,1
"1196",0.22,1.8,0.078,21,56,0.99633,3.52,0.6,9.5,1
"1197",0.23,2.3,0.076,23,94,0.99686,3.21,0.58,9.5,1
"1198",0.21,1.5,0.069,4,9,0.99458,3.16,0.54,9.8,1
"1199",0.26,2,0.052,19,77,0.9951,3.15,0.79,10.9,1
"1200",0.23,2.3,0.076,23,94,0.99686,3.21,0.58,9.5,1
"1201",0.21,1.5,0.069,4,9,0.99458,3.16,0.54,9.8,1
"1202",0.36,1.9,0.065,5,10,0.99419,3.27,0.54,11.2,1
"1203",0.39,1.8,0.068,6,12,0.99516,3.35,0.69,11.7,1
"1205",0.46,2.1,0.074,24,44,0.99534,3.4,0.85,11,1
"1206",0.46,2.1,0.074,24,44,0.99534,3.4,0.85,11,1
"1207",0.46,2.1,0.074,24,44,0.99534,3.4,0.85,11,1
"1209",0.46,2.1,0.074,24,44,0.99534,3.4,0.85,11,1
"1210",0.43,2,0.071,14,24,0.99428,3.45,0.87,11.2,1
"1211",0.02,2.1,0.078,8,15,0.99498,3.35,0.62,10.4,1
"1213",0.02,2.1,0.078,8,15,0.99498,3.35,0.62,10.4,1
"1214",0.42,1.9,0.071,5,13,0.99659,3.15,0.75,10.5,1
"1215",0.46,1.9,0.081,6,9,0.99628,3.1,0.48,10.4,1
"1216",0.46,2.1,0.095,20,29,0.99488,3.26,0.56,11.3,1
"1217",0.31,2,0.079,10,79,0.99677,3.29,0.69,9.5,1
"1218",0.37,1.9,0.057,43,74,0.99408,3.23,0.81,12,1
"1219",0.31,1.9,0.082,8,24,0.996,3.24,0.69,10.6,1
"1220",0.4,1.3,0.044,25,50,0.99478,3.2,0.83,10.9,1
"1221",0.52,1.8,0.132,17,44,0.99734,3.28,0.77,11.5,1
"1222",0.52,1.8,0.132,17,44,0.99734,3.28,0.77,11.5,1
"1223",0.22,2.2,0.078,33,89,0.99678,3.26,0.46,9.6,1
"1224",0.47,2.2,0.074,9,23,0.99638,3.23,0.76,12,1
"1225",0.49,2.5,0.08,8,20,0.9992,3.07,0.82,10.3,1
"1229",0,1.8,0.044,18,88,0.99157,3.68,0.73,13.6,1
"1231",0.34,2.7,0.066,15,58,0.9947,3.37,0.78,11.8,1
"1235",0.01,2.2,0.059,11,18,0.99242,3.39,0.4,12.8,1
"1237",0,1.7,0.07,7,17,0.99659,3.26,0.64,9.4,1
"1238",0.01,2.2,0.059,11,18,0.99242,3.39,0.4,12.8,1
"1243",0.41,2,0.058,15,40,0.99414,3.22,0.6,12.2,1
"1245",0.25,13.4,0.067,72,160,0.99721,3.33,0.54,10.3,1
"1249",0.33,2.2,0.081,22,36,0.9949,3.41,0.75,11.1,1
"1250",0.01,2.3,0.079,24,37,0.99514,3.4,0.61,10.9,1
"1251",0.01,2.3,0.079,24,37,0.99514,3.4,0.61,10.9,1
"1258",0.28,4.8,0.085,12,69,0.99633,3.32,0.7,11,1
"1259",0,2.7,0.123,15,33,0.99538,3.44,0.63,11.3,1
"1260",0,2.7,0.123,15,33,0.99538,3.44,0.63,11.3,1
"1265",0.32,1.8,0.066,26,51,0.99456,3.38,0.72,11.8,1
"1266",0.05,2.3,0.081,16,36,0.99564,3.38,0.6,10.3,1
"1267",0.05,2.3,0.081,16,36,0.99564,3.38,0.6,10.3,1
"1268",0.5,2.3,0.068,13,19,0.996,3.1,0.87,11.4,1
"1269",0.31,2,0.079,21,51,0.99668,3.47,0.55,9.5,1
"1270",0.03,1.8,0.044,28,87,0.9908,3.5,0.82,14,1
"1271",0.01,1.6,0.048,26,60,0.99084,3.7,0.75,14,1
"1272",0.2,1.6,0.049,24,64,0.9935,3.38,0.57,11.7,1
"1275",0.13,2.1,0.102,17,36,0.9944,3.24,0.53,11.2,1
"1276",0.22,2.3,0.075,13,81,0.99688,3.24,0.54,9.5,1
"1278",0,1.9,0.114,3,10,0.99636,3.35,0.6,9.7,1
"1279",0.22,2.3,0.075,13,81,0.99688,3.24,0.54,9.5,1
"1280",0.39,1.7,0.062,3,9,0.9948,3.14,0.57,11.5,1
"1281",0.2,1.9,0.077,28,54,0.9956,3.37,0.64,10.4,1
"1282",0.2,1.9,0.077,28,54,0.9956,3.37,0.64,10.4,1
"1283",0,2,0.084,9,22,0.99619,3.33,0.68,10.9,1
"1284",0.28,2.7,0.096,17,69,0.99734,3.26,0.63,10.2,1
"1287",0.44,2.5,0.068,17,31,0.99328,3.35,0.54,12.4,1
"1292",0.1,2.1,0.073,25,60,0.99638,3.29,0.75,10.9,1
"1293",0.13,2.4,0.056,14,28,0.99362,3.62,0.67,12.4,1
"1295",0.1,2.1,0.073,25,60,0.99638,3.29,0.75,10.9,1
"1298",0.14,2.1,0.064,15,29,0.99323,3.35,0.61,12.1,1
"1299",0,1.4,0.063,11,18,0.99191,3.45,0.56,12.2,1
"1301",0,2.15,0.08,15,28,0.99444,3.78,0.61,12.5,1
"1302",0.07,2,0.1,20,57,0.99598,3.6,0.74,11.7,1
"1303",0.32,2.1,0.064,4,15,0.99576,3.3,0.8,11.2,1
"1312",0.15,3,0.064,12,27,0.9929,3.33,0.59,12.8,1
"1314",0.21,2.3,0.086,20,65,0.99558,3.4,0.54,10.1,1
"1315",0.21,2.4,0.086,24,69,0.99556,3.4,0.53,10.1,1
"1316",0.27,2,0.083,17,91,0.99616,3.26,0.58,9.8,1
"1317",0,1.2,0.041,16,46,0.99258,4.01,0.59,12.5,1
"1318",0.46,2.2,0.091,10,41,0.99638,3.18,0.69,11.9,1
"1319",0.27,2,0.083,17,91,0.99616,3.26,0.58,9.8,1
"1320",0.68,1.7,0.414,18,64,0.99652,2.9,1.33,9.1,1
"1322",0,1.2,0.041,16,46,0.99258,4.01,0.59,12.5,1
"1324",0.39,1.8,0.06,21,55,0.99495,3.18,0.82,11,1
"1325",0.24,1.7,0.077,18,34,0.9948,3.39,0.6,10.6,1
"1326",0.24,1.7,0.077,18,34,0.9948,3.39,0.6,10.6,1
"1327",0.24,1.7,0.077,18,34,0.9948,3.39,0.6,10.6,1
"1328",0.24,1.7,0.077,18,34,0.9948,3.39,0.6,10.6,1
"1330",0.26,2.1,0.083,17,91,0.99616,3.29,0.56,9.8,1
"1331",0.26,2.1,0.083,17,91,0.99616,3.29,0.56,9.8,1
"1333",0.1,1.7,0.075,6,25,0.99581,3.09,0.43,9.7,1
"1336",0.02,2.4,0.069,19,40,0.99387,3.38,0.66,12.6,1
"1340",0.02,1.7,0.084,13,31,0.99538,3.36,0.54,10.5,1
"1341",0.02,1.7,0.084,13,31,0.99538,3.36,0.54,10.5,1
"1342",0.02,1.7,0.084,13,31,0.99538,3.36,0.54,10.5,1
"1343",0.02,1.7,0.085,17,31,0.99589,3.37,0.51,10.4,1
"1344",0.02,1.7,0.084,13,31,0.99538,3.36,0.54,10.5,1
"1346",0.24,2.3,0.063,10,28,0.99613,3.25,0.53,10.2,1
"1352",0.01,2.3,0.065,8,46,0.99332,3.32,0.51,11.8,1
"1358",0.24,2.5,0.078,27,67,0.99648,3.6,0.59,11.1,1
"1360",0.4,1.4,0.091,6,28,0.99704,3.07,0.65,10.03333333,1
"1363",0.4,1.4,0.091,6,28,0.99704,3.07,0.65,10.03333333,1
"1365",0.02,1.9,0.096,10,31,0.995,3.46,0.53,11.8,1
"1368",0.3,2.2,0.088,9,105,0.99725,3.25,1.18,10.5,1
"1369",0.32,2.1,0.079,16,74,0.99656,3.27,0.5,9.8,1
"1372",0.56,3.1,0.153,5,14,0.99476,3.21,1.03,11.6,1
"1378",0.26,2.3,0.09,23,74,0.9953,3.71,0.62,12.2,1
"1379",0.15,2,0.078,10,28,0.99609,3.29,0.51,9.9,1
"1380",0.02,2.6,0.077,11,35,0.99557,3.36,0.62,10.8,1
"1381",0.02,2.6,0.077,11,35,0.99557,3.36,0.62,10.8,1
"1391",0,2.3,0.068,15,33,0.99292,3.58,0.59,12.5,1
"1396",0.1,1.6,0.092,3,12,0.99745,3.31,0.65,9.55,1
"1399",0.12,2.2,0.083,13,28,0.9966,3.52,0.62,10.2,1
"1400",0,2.2,0.068,10,24,0.9956,3.42,0.72,11.1,1
"1403",0.42,2,0.052,6,24,0.9963,3.44,0.82,11.9,1
"1404",0.33,1.7,0.061,3,13,0.996,3.23,1.1,10,1
"1405",0.39,2.6,0.082,12,46,0.9985,3.43,0.62,10.7,1
"1406",0.3,2,0.062,18,34,0.9952,3.28,0.9,11.3,1
"1407",0.34,5.1,0.062,8,22,0.9974,3.22,0.94,10.9,1
"1408",0,2.1,0.064,40,54,0.995,3.54,0.93,10.7,1
"1409",0.36,2.2,0.048,35,53,0.995,3.27,1.01,12.4,1
"1410",0,2.1,0.064,40,54,0.995,3.54,0.93,10.7,1
"1411",0,1.8,0.082,5,16,0.9936,3.5,0.44,11.9,1
"1412",0.4,2.4,0.071,8,19,0.9963,3.56,0.73,10.6,1
"1413",0.34,5.1,0.062,8,22,0.9974,3.22,0.94,10.9,1
"1418",0.33,2.5,0.064,21,37,0.9952,3.35,0.77,12.1,1
"1423",0,2.1,0.079,39,55,0.9956,3.39,0.84,11.4,1
"1425",0.37,1.4,0.076,8,23,0.9974,3.26,0.7,9.6,1
"1426",0.37,1.4,0.076,8,23,0.9974,3.26,0.7,9.6,1
"1427",0.37,1.8,0.046,23,60,0.9971,3.41,0.71,12.1,1
"1432",0.31,2.1,0.069,13,74,0.9958,3.26,0.54,9.9,1
"1433",0,1.6,0.042,3,11,0.9944,3.48,0.85,11.7,1
"1434",0.16,1.8,0.069,11,25,0.9955,3.42,0.74,10.1,1
"1435",0.37,15.4,0.214,55,95,1.00369,3.18,0.77,9,1
"1436",0.37,15.4,0.214,55,95,1.00369,3.18,0.77,9,1
"1440",0.02,2.2,0.072,31,92,0.99566,3.32,0.68,11.06666667,1
"1441",0.32,2,0.062,15,28,0.9947,3.23,0.73,11.3,1
"1442",0.19,5.2,0.094,19,98,0.99713,3.16,0.52,9.566666667,1
"1445",0.02,2.2,0.072,31,92,0.99566,3.32,0.68,11.1,1
"1446",0.19,5.2,0.094,19,98,0.99713,3.16,0.52,9.6,1
"1450",0.31,2,0.056,15,29,0.99472,3.23,0.76,11.3,1
"1451",0.32,2,0.062,15,28,0.9947,3.23,0.73,11.3,1
"1452",0.44,2.7,0.104,8,17,0.99732,3.33,0.78,11,1
"1453",0.02,2,0.062,37,53,0.99374,3.35,0.76,11.6,1
"1455",0.63,2.2,0.073,7,23,0.99974,3.21,0.69,10.9,1
"1456",0,1.6,0.052,9,17,0.99467,3.5,0.63,10.9,1
"1457",0.06,1.8,0.05,38,89,0.99236,3.3,0.5,10.55,1
"1460",0.35,1.7,0.054,7,15,0.99458,3.32,0.8,11.9,1
"1461",0.09,2.3,0.054,34,64,0.99724,3.41,0.68,10.4,1
"1463",0.03,2.3,0.075,14,31,0.99545,3.36,0.58,10.4,1
"1464",0.01,2.4,0.076,14,39,0.99522,3.34,0.53,10.8,1
"1467",0.32,2.1,0.062,31,54,0.99728,3.3,0.65,10,1
"1469",0.32,2.1,0.062,31,54,0.99728,3.3,0.65,10,1
"1473",0.6,2.6,0.073,23,44,0.99656,3.38,0.79,11.1,1
"1476",0.11,2.2,0.048,16,89,0.99182,3.54,0.88,13.56666667,1
"1478",0.11,2.2,0.048,16,89,0.99182,3.54,0.88,13.6,1
"1490",0.1,2.1,0.048,4,11,0.99448,3.44,0.76,10.8,1
"1491",0.49,1.8,0.039,8,18,0.99344,3.39,0.56,12.4,1
"1495",0.09,1.4,0.066,15,28,0.99459,3.42,0.7,10,1
"1496",0.02,1.9,0.08,15,28,0.99492,3.35,0.81,10.6,1
"1498",0.03,2.3,0.054,7,16,0.99508,3.45,0.63,11.5,1
"1499",0.04,2.3,0.068,7,13,0.99582,3.53,0.58,10.8,1
"1500",0.03,2.3,0.054,7,16,0.99508,3.45,0.63,11.5,1
"1504",0.39,2.5,0.077,6,14,0.99555,3.51,0.69,11,1
"1505",0.57,2.3,0.106,5,12,0.99605,3.36,0.55,11.4,1
"1507",0.05,2,0.07,6,14,0.99562,3.51,0.66,10.8,1
"1508",0.57,2.3,0.106,5,12,0.99605,3.36,0.55,11.4,1
"1509",0.6,2.1,0.074,17,25,0.99814,3.38,0.72,10.6,1
"1511",0.21,2.2,0.047,26,48,0.99661,3.47,0.77,9.7,1
"1513",0.04,2.2,0.061,11,17,0.99588,3.53,0.65,10.4,1
"1514",0.15,1.8,0.078,17,65,0.99294,3.33,0.6,10.5,1
"1515",0.21,4.1,0.074,16,65,0.99842,3.53,0.72,9.233333333,1
"1516",0.21,4.1,0.074,16,65,0.99842,3.53,0.72,9.25,1
"1518",0.06,2,0.063,29,44,0.99489,3.38,0.83,10.3,1
"1521",0.06,2,0.063,29,44,0.99489,3.38,0.83,10.3,1
"1525",0.19,2,0.075,22,47,0.99522,3.39,0.78,10,1
"1527",0.08,2.2,0.064,18,38,0.99553,3.3,0.65,9.6,1
"1528",0.07,1.7,0.071,15,24,0.9951,3.29,0.66,10.8,1
"1529",0.49,2.2,0.096,21,59,0.99714,3.31,0.67,10.1,1
"1530",0.08,2.1,0.063,42,52,0.99608,3.42,0.6,10.2,1
"1531",0.09,2.2,0.063,9,18,0.99444,3.42,0.69,11.3,1
"1533",0.13,2,0.058,18,22,0.99573,3.21,0.68,9.9,1
"1535",0.14,2.4,0.064,13,29,0.99397,3.42,0.62,11.7,1
"1536",0.13,2.2,0.075,15,35,0.9959,3.36,0.59,9.7,1
"1537",0.08,1.9,0.077,24,45,0.99528,3.6,0.68,10.3,1
"1538",0.08,1.9,0.059,20,31,0.99484,3.5,0.64,10.2,1
"1541",0.08,4.4,0.071,11,32,0.99646,3.56,0.63,11.6,1
"1542",0.29,2.2,0.054,19,49,0.99666,3.4,0.76,10.9,1
"1543",0.02,1.9,0.064,29,38,0.99472,3.3,0.56,10.75,1
"1544",0.42,2.2,0.064,14,19,0.99758,3.25,0.57,10.4,1
"1545",0.43,2.3,0.063,12,19,0.9955,3.17,0.81,11.2,1
"1546",0.33,1.8,0.059,16,28,0.99531,3.36,0.64,10.1,1
"1550",0.3,1.8,0.074,17,24,0.99419,3.24,0.7,11.4,1
"1553",0.01,3.7,0.103,32,54,0.99586,3.51,0.66,11.3,1
"1555",0.02,2.4,0.062,15,23,0.99627,3.54,0.6,11,1
"1556",0.17,1.7,0.065,15,24,0.99514,3.44,0.68,10.55,1
"1558",0.02,2.4,0.062,15,23,0.99627,3.54,0.6,11,1
"1566",0.02,1.9,0.061,26,42,0.99489,3.39,0.82,10.9,1
"1567",0.64,2.1,0.059,24,52,0.99494,3.34,0.71,11.2,1
"1570",0.14,1.9,0.056,15,34,0.99396,3.48,0.57,11.5,1
"1571",0.53,2.2,0.23,19,35,0.9934,3.37,0.93,12.4,1
"1572",0.14,2.2,0.038,15,25,0.99514,3.44,0.65,11.1,1
"1574",0.2,2.4,0.075,15,50,0.99467,3.58,0.67,12.5,1
"1575",0.78,13.9,0.074,23,92,0.99677,3.39,0.48,10.5,1
"1576",0.4,2.2,0.06,12,20,0.99474,3.26,0.64,11.8,1
"1577",0.63,1.6,0.081,16,29,0.99588,3.3,0.78,10.8,1
"1578",0.15,5.1,0.076,13,27,0.99622,3.54,0.6,11.9,1
"1579",0.15,1.8,0.118,13,20,0.9954,3.42,0.67,11.3,1
"1581",0.33,2.4,0.068,9,26,0.9947,3.36,0.6,11.9,1
"1585",0.44,2.4,0.061,24,34,0.99484,3.29,0.8,11.6,1
"1586",0.44,2.6,0.066,22,48,0.99494,3.3,0.84,11.5,1
"1587",0.41,2.4,0.065,34,60,0.99492,3.34,0.85,11.4,1
"1588",0.11,1.8,0.066,18,28,0.99483,3.55,0.66,10.9,1
"1589",0.33,2.5,0.068,34,102,0.99414,3.27,0.78,12.8,1
"1591",0.15,1.8,0.077,26,35,0.99314,3.32,0.82,11.6,1
"1592",0.09,1.7,0.089,16,26,0.99402,3.67,0.56,11.6,1
"1593",0.13,2.3,0.076,29,40,0.99574,3.42,0.75,11,1
"1594",0.08,1.9,0.068,28,38,0.99651,3.42,0.82,9.5,1
"1596",0.1,2.2,0.062,39,51,0.99512,3.52,0.76,11.2,1
"1597",0.13,2.3,0.076,29,40,0.99574,3.42,0.75,11,1
"1599",0.47,3.6,0.067,18,42,0.99549,3.39,0.66,11,1
